donor_id,donor_name,donor_email,donor_address,donor_phone_number
401,Hinata Corp,abc@hinata.com,"123 Sunset Drive, LA, CA",123-456-0191
402,Castle Inc,xyz@castle.com,"304 E Springfield Ave, NYC, NY",123-456-0193
403,Beckett Inc,abc123@beckett.com,"102 Chalmers Boulevard, Chicago, IL",123-456-0111
404,Daichi Holdings,efg@daichi.com,"145 Clark Street, Fresno, CA",312-456-0192
405,Singh Corp,jkl@singh.com,"189 South Street, SF, CA",123-426-0222
,,,,
,,,,
,,,,
,,,,
,,,,
,,,,
,,,,
,,,,
,,,,
,,,,
,,,,